{"cameraMode":{"drawMode":0,"name":"Shaded","section":"Shading Mode"},"sceneLighting":true,"audioPlay":false,"sceneViewState":{"m_AlwaysRefresh":false,"showFog":true,"showSkybox":true,"showFlares":true,"showImageEffects":true,"showParticleSystems":true,"showVisualEffectGraphs":true,"m_FxEnabled":true},"in2DMode":false,"pivot":{"x":72.44000244140625,"y":24.260000228881837,"z":51.40999984741211},"rotation":{"x":-0.10290844738483429,"y":0.8882749676704407,"z":-0.24326635897159577,"w":-0.37576502561569216},"size":0.8660253882408142,"orthographic":false}